timestamp_utc;beacon_index;callsign;country;detected;lmax;noise_floor;threshold;ratio
2026-09-14T21:11:30.003000+00:00;14;CS3B;Madeira;False;0.0012064763057650753;0.000825093431752252;0.01650186863504504;1.4622299237104337
2026-09-14T21:11:40.001287+00:00;15;LU4AA;Argentina;False;0.000956820297570353;0.0008269988971220762;0.016539977942441525;1.1569789281461562
2026-09-14T21:11:50.000198+00:00;16;OA4B;Peru;False;0.0009748829673590614;0.0008275492208368045;0.016550984416736088;1.1780362337520847
2026-09-14T21:12:00.009326+00:00;17;YV5B;Venezuela;False;0.005300384671890882;0.0012322952959149544;0.02464590591829909;4.301229331525975
2026-09-14T21:12:10.000894+00:00;0;4U1UN;United Nations;False;0.008709550134148874;0.001187176806711862;0.023743536134237242;7.33635469031089
2026-09-14T21:12:20.005337+00:00;1;VE8AT;Canada;False;0.0008917548760454654;0.0011502561107201775;0.02300512221440355;0.775266366972079
2026-09-14T21:12:30.000704+00:00;2;W6WX;United States;False;0.0009541017901949123;0.0011147287230647152;0.022294574461294306;0.855904912517018
2026-09-14T21:12:40.001083+00:00;3;KH6WO;Hawaii;False;0.0009233212687471547;0.0010823247927898923;0.021646495855797844;0.8530907495587562
2026-09-14T21:12:50.000839+00:00;4;ZL6B;New Zealand;False;0.0009169569079124793;0.001057227423136017;0.02114454846272034;0.8673222883233029
2026-09-14T21:13:00.002027+00:00;5;VK6RBP;Australia;False;0.0009173780161728588;0.0010321409695302117;0.020642819390604236;0.8888107761001016
2026-09-14T21:13:10.003994+00:00;6;JA2IGY;Japan;False;0.0009202172124585368;0.00101118539184036;0.0202237078368072;0.9100380799447064
2026-09-14T21:13:20.011205+00:00;7;RR9O;Russia;False;0.000915847532071548;0.0009908989179264241;0.019817978358528485;0.9242592917429658
2026-09-14T21:13:30.008323+00:00;8;VR2B;Hong Kong;False;0.0009425364418755905;0.0009742330456495666;0.019484660912991333;0.9674650701744134
2026-09-14T21:13:40.009062+00:00;9;4S7B;Sri Lanka;False;0.0009939029289207256;0.0009555856160510781;0.019111712321021563;1.0400982520310345
2026-09-14T21:13:50.001453+00:00;10;ZS6DN;South Africa;False;0.0008801789751254748;0.0009397506492844564;0.018795012985689127;0.9366090630484367
2026-09-14T21:14:00.003746+00:00;11;5Z4B;Kenya;False;0.0017073706321665987;0.0009210586223609798;0.018421172447219594;1.8537046293427444
2026-09-14T21:14:10.001078+00:00;12;4X6TU;Israel;False;0.0008989148126232767;0.0009062073279909466;0.01812414655981893;0.9919527075731805
2026-09-14T21:14:20.000726+00:00;13;OH2B;Finland;False;0.000931704356032977;0.0009053001540646923;0.018106003081293846;1.029166240444932
2026-09-14T21:14:30.002227+00:00;14;CS3B;Madeira;False;0.0009582024733088773;0.0008941547598147962;0.017883095196295926;1.0716293379765123
2026-09-14T21:14:40.000137+00:00;15;LU4AA;Argentina;False;0.004828812472554061;0.0008807923508262209;0.017615847016524418;5.482350599462437
2026-09-14T21:14:50.011819+00:00;16;OA4B;Peru;False;0.0008491329010718518;0.0008709760936173405;0.01741952187234681;0.9749210194107976
2026-09-14T21:15:00.007152+00:00;17;YV5B;Venezuela;False;0.01659966508381866;0.0021069694404472618;0.04213938880894524;7.878455550971317
2026-09-14T21:15:10.000776+00:00;0;4U1UN;United Nations;False;0.012238149717397622;0.0019686761422059384;0.03937352284411877;6.216436241099842
2026-09-14T21:15:20.003069+00:00;1;VE8AT;Canada;False;0.0009664863903115108;0.0018441816093864357;0.036883632187728714;0.524073326288653
2026-09-14T21:21:10.002909+00:00;0;4U1UN;United Nations;False;0.0007697088017174688;0.0007318840027090692;0.014637680054181385;1.0516814124484086
2026-09-14T21:21:20.004908+00:00;1;VE8AT;Canada;False;0.0008354342104467945;0.0007336989721043883;0.014673979442087766;1.1386607344570896
2026-09-14T21:21:30.007005+00:00;2;W6WX;United States;False;0.0009096717906782591;0.000730799113279286;0.01461598226558572;1.244763128674753
2026-09-14T21:21:40.002571+00:00;3;KH6WO;Hawaii;False;0.0008445957501410818;0.0007333259088808439;0.014666518177616878;1.1517331379032427
2026-09-14T21:21:50.000294+00:00;4;ZL6B;New Zealand;False;0.0009497491226604548;0.0007321364041799499;0.014642728083598998;1.2972297474051275
2026-09-14T21:22:00.011255+00:00;5;VK6RBP;Australia;False;0.0008685416252203361;0.0007314325228723806;0.014628650457447611;1.1874528381777716
2026-09-14T21:22:10.000077+00:00;6;JA2IGY;Japan;False;0.0008309239676351455;0.0007396741494319623;0.014793482988639247;1.123364887461944
2026-09-14T21:22:20.004382+00:00;7;RR9O;Russia;False;0.0009933016094899228;0.0007380582297022442;0.014761164594044883;1.3458309514286586
2026-09-14T21:22:30.001859+00:00;8;VR2B;Hong Kong;False;0.0009351197526140263;0.0007347880827111151;0.014695761654222301;1.2726387030717161
2026-09-14T21:22:40.001295+00:00;9;4S7B;Sri Lanka;False;0.0009326238583942378;0.0007459151593436206;0.014918303186872412;1.250308224349421
2026-09-14T21:22:50.004645+00:00;10;ZS6DN;South Africa;False;0.0008434036552996864;0.0007439719206499105;0.01487943841299821;1.1336498487240156
2026-09-14T21:23:00.014118+00:00;11;5Z4B;Kenya;False;0.0008716496178168334;0.000744929533590998;0.014898590671819959;1.1701101627894523
2026-09-14T21:23:10.000146+00:00;12;4X6TU;Israel;False;0.0008084281182374501;0.000749253559802362;0.01498507119604724;1.0789780143996877
2026-09-14T21:23:20.013441+00:00;13;OH2B;Finland;False;0.0008561588340102393;0.0007560785016832367;0.015121570033664735;1.1323676471480097
2026-09-14T21:23:30.006176+00:00;14;CS3B;Madeira;False;0.0008695635920154262;0.0007522453543872233;0.015044907087744464;1.1559574106293684
2026-09-14T21:23:40.000629+00:00;15;LU4AA;Argentina;False;0.0010630053418829916;0.0007514751990880894;0.015029503981761788;1.41455811605352
2026-09-14T21:23:50.000545+00:00;16;OA4B;Peru;False;0.000878611543004212;0.0007501346793905085;0.015002693587810171;1.171271729122152
2026-09-14T21:24:00.000347+00:00;17;YV5B;Venezuela;False;0.011341746978048454;0.0015974733380206864;0.03194946676041373;7.099803613687345
2026-09-14T21:24:10.012720+00:00;0;4U1UN;United Nations;False;0.009299113649910132;0.0015121412596436836;0.03024282519287367;6.149632906717556
2026-09-14T21:24:20.003143+00:00;1;VE8AT;Canada;False;0.0009458275417177931;0.0014404460719393704;0.02880892143878741;0.656621278743439
2026-09-14T21:24:30.000962+00:00;2;W6WX;United States;False;0.0011826035752018345;0.0013689114660243018;0.027378229320486037;0.8639007010704958
2026-09-14T21:24:40.000011+00:00;3;KH6WO;Hawaii;False;0.0008842796851202963;0.0013047860314480276;0.026095720628960553;0.6777200734889375
2026-09-14T21:24:50.000761+00:00;4;ZL6B;New Zealand;False;0.0008246667677982507;0.0012432262780022847;0.024864525560045692;0.6633279736681492
2026-09-14T21:25:00.000101+00:00;5;VK6RBP;Australia;False;0.0008323661071659115;0.0011944788046218079;0.02388957609243616;0.6968446019680129
2026-09-14T21:25:10.000164+00:00;6;JA2IGY;Japan;False;0.0012879178388156803;0.0011526124080246068;0.023052248160492138;1.117390225759382
2026-09-14T21:25:20.001313+00:00;7;RR9O;Russia;False;0.000826387070043474;0.0011189037297722035;0.02237807459544407;0.7385685185013346
2026-09-14T21:25:30.007975+00:00;8;VR2B;Hong Kong;False;0.0008641135975626436;0.0010858236901938989;0.021716473803877978;0.7958139110119583
2026-09-14T21:25:40.000629+00:00;9;4S7B;Sri Lanka;False;0.0008468921100880051;0.0010610809995233437;0.021221619990466872;0.798140868103796
2026-09-14T21:25:50.003331+00:00;10;ZS6DN;South Africa;False;0.0008419094941249036;0.00103601202901533;0.020720240580306602;0.8126445162273745
2026-09-14T21:26:00.000661+00:00;11;5Z4B;Kenya;False;0.0009990039369775665;0.0010039532736271096;0.020079065472542193;0.995070152387011
2026-09-14T21:26:10.004529+00:00;12;4X6TU;Israel;False;0.0008523389298515246;0.0009767636502045378;0.019535273004090758;0.8726153247748744
2026-09-14T21:26:20.000549+00:00;13;OH2B;Finland;False;0.0009309263737472805;0.0009619318781107634;0.01923863756221527;0.9677674635085618
2026-09-14T21:26:30.000095+00:00;14;CS3B;Madeira;False;0.0009497491380456637;0.0009485220009361825;0.01897044001872365;1.0012937360527958
2026-09-14T21:26:40.009877+00:00;15;LU4AA;Argentina;False;0.0009962171432661498;0.0009290203358143449;0.0185804067162869;1.0723308251297887
2026-09-14T21:26:50.005320+00:00;16;OA4B;Peru;False;0.0008785518541322433;0.0009145886640197726;0.01829177328039545;0.9605977951561947
2026-09-14T21:27:00.003184+00:00;17;YV5B;Venezuela;False;0.0017248407699929178;0.0009795556597461078;0.019591113194922155;1.7608399817116889
2026-09-14T21:27:10.000811+00:00;0;4U1UN;United Nations;False;0.0027673409639011226;0.0009591127047543946;0.01918225409508789;2.885313634344747
2026-09-14T21:27:20.001432+00:00;1;VE8AT;Canada;False;0.0008374951054889369;0.0009368048615245474;0.01873609723049095;0.8939909898908992
2026-09-14T21:27:30.001927+00:00;2;W6WX;United States;False;0.0008061301538750828;0.0009165016153132063;0.018330032306264128;0.8795730857491123
2026-09-14T21:27:40.001266+00:00;3;KH6WO;Hawaii;False;0.000883644901254733;0.0008997791958494346;0.017995583916988692;0.982068606754716
2026-09-14T21:27:50.000631+00:00;4;ZL6B;New Zealand;False;0.0009866000234354361;0.0008863487349434405;0.01772697469886881;1.1131059193065727
2026-09-14T21:28:00.001796+00:00;5;VK6RBP;Australia;False;0.0008112749486550744;0.0008728981902539841;0.017457963805079683;0.929403861427437
2026-09-14T21:28:10.001273+00:00;6;JA2IGY;Japan;False;0.0010127102986367577;0.0008773678618699208;0.017547357237398416;1.154259624324948
2026-09-14T21:28:20.016253+00:00;7;RR9O;Russia;False;0.0009089375522703236;0.0008617947465275129;0.017235894930550257;1.054703055376894
2026-09-14T21:28:30.000195+00:00;8;VR2B;Hong Kong;False;0.0010019779613788552;0.0008646239661207311;0.017292479322414622;1.1588598056960924
2026-09-14T21:28:40.000877+00:00;9;4S7B;Sri Lanka;False;0.0009103959444197508;0.0008550908028258534;0.017101816056517068;1.064677507243825
2026-09-14T21:28:50.000480+00:00;10;ZS6DN;South Africa;False;0.0009179773723102823;0.0008602323577605426;0.01720464715521085;1.067127229089671
2026-09-14T21:29:00.002872+00:00;11;5Z4B;Kenya;False;0.0009047924933505278;0.0008465285570273077;0.016930571140546153;1.0688268999782138
2026-09-14T21:29:10.000781+00:00;12;4X6TU;Israel;False;0.0011686942303814143;0.0008395683233373101;0.016791366466746203;1.392018014371741
2026-09-14T21:29:20.000725+00:00;13;OH2B;Finland;False;0.0008976553937176893;0.0008430942351115123;0.016861884702230247;1.0647153738383237
2026-09-14T21:29:30.000030+00:00;14;CS3B;Madeira;False;0.0010349804797995005;0.0008512496081629653;0.017024992163259305;1.215836659276748
2026-09-14T21:29:40.003745+00:00;15;LU4AA;Argentina;False;0.0012341608762534908;0.000840289440026647;0.01680578880053294;1.4687330549035027
2026-09-14T21:29:50.000572+00:00;16;OA4B;Peru;False;0.001020870264144068;0.0008308503384105129;0.016617006768210256;1.2287053599774411
2026-09-14T21:30:00.000627+00:00;17;YV5B;Venezuela;False;0.0008819102793209335;0.0008325351569626943;0.016650703139253886;1.0593069517188591
2026-09-14T21:30:10.001205+00:00;0;4U1UN;United Nations;False;0.003103825128301149;0.0008220066455731519;0.01644013291146304;3.7759124515799716
2026-09-14T21:30:20.000093+00:00;1;VE8AT;Canada;False;0.0009207534025221852;0.0008198946946567821;0.016397893893135642;1.123014221853971
2026-09-14T21:33:40.003495+00:00;3;KH6WO;Hawaii;False;0.0008184503609398083;0.0007833880231097319;0.01566776046219464;1.0447573064633962
2026-09-14T21:33:50.003061+00:00;4;ZL6B;New Zealand;False;0.0008747411349885582;0.0007813527652164193;0.015627055304328386;1.119521391527004
2026-09-14T21:34:00.001494+00:00;5;VK6RBP;Australia;False;0.0008585246444049431;0.0007782180724124597;0.015564361448249193;1.1031928900642654
2026-09-14T21:34:10.001095+00:00;6;JA2IGY;Japan;False;0.0008913277074408646;0.0007741509518912632;0.015483019037825264;1.1513616372405624
2026-09-14T21:34:20.002106+00:00;7;RR9O;Russia;False;0.0007976432415012835;0.0007715985328310367;0.015431970656620735;1.0337542226456644
2026-09-14T21:34:30.000498+00:00;8;VR2B;Hong Kong;False;0.0007818545615173499;0.0007635286401666302;0.015270572803332603;1.0240016161629777
2026-09-14T21:34:40.010133+00:00;9;4S7B;Sri Lanka;False;0.0008449355859552315;0.0007633592674726547;0.015267185349453094;1.1068649087770446
2026-09-14T21:34:50.004676+00:00;10;ZS6DN;South Africa;False;0.000950795125785691;0.0007640250683882157;0.015280501367764314;1.2444554048357142
2026-09-14T21:35:00.000927+00:00;11;5Z4B;Kenya;False;0.0009272361015034627;0.0007636674483948854;0.015273348967897709;1.2141883269378235
2026-09-14T21:35:10.001274+00:00;12;4X6TU;Israel;False;0.0008397014959068628;0.0007640800758479384;0.015281601516958768;1.098970543074302
2026-09-14T21:35:20.007532+00:00;13;OH2B;Finland;False;0.0008360920358740831;0.0007698967637090876;0.015397935274181752;1.0859794134555008
2026-09-14T21:35:30.003823+00:00;14;CS3B;Madeira;False;0.0009617358819055165;0.000774641132125299;0.01549282264250598;1.2415244195294741
2026-09-14T21:35:40.003961+00:00;15;LU4AA;Argentina;False;0.0010353571048234516;0.0007839403251377611;0.015678806502755223;1.3207090790252551
2026-09-14T21:35:50.011082+00:00;16;OA4B;Peru;False;0.0008632292119731154;0.0007816962259979954;0.01563392451995991;1.1043026475803006
2026-09-14T21:36:00.005173+00:00;17;YV5B;Venezuela;False;0.0008917633254498348;0.0007770826361564689;0.015541652723129377;1.1475784993222709
2026-09-14T21:36:10.000095+00:00;0;4U1UN;United Nations;False;0.0007965109494341136;0.0007705402660399668;0.015410805320799335;1.0337045116767458
2026-09-14T21:36:20.003478+00:00;1;VE8AT;Canada;False;0.0008018375463945862;0.000764395197338694;0.01528790394677388;1.0489829726642068
2026-09-14T21:36:30.001723+00:00;2;W6WX;United States;False;0.0008177465341578263;0.0007641607712480551;0.0152832154249611;1.0701236767522795
2026-09-14T21:36:40.002030+00:00;3;KH6WO;Hawaii;False;0.0008967137760761616;0.0007633977608861844;0.01526795521772369;1.1746350618519215
2026-09-14T21:36:50.015319+00:00;4;ZL6B;New Zealand;False;0.0007737385603186188;0.0007631362847714022;0.015262725695428043;1.0138930303260216
2026-09-14T21:37:00.007803+00:00;5;VK6RBP;Australia;False;0.0008433361560985776;0.000763110406360228;0.01526220812720456;1.1051299380400257
2026-09-14T21:37:10.009910+00:00;6;JA2IGY;Japan;False;0.0008125359460985874;0.0007598884363443317;0.015197768726886633;1.0692832095294569
2026-09-14T21:37:20.000873+00:00;7;RR9O;Russia;False;0.0008950139646435926;0.0007571469463589764;0.01514293892717953;1.1820875312878183
2026-09-14T21:37:30.000923+00:00;8;VR2B;Hong Kong;False;0.0008671656559200322;0.0007491605187464925;0.01498321037492985;1.1575164924213943
2026-09-14T21:37:40.000367+00:00;9;4S7B;Sri Lanka;False;0.0008576095699658982;0.0007575361918701889;0.015150723837403776;1.1321037584338385
2026-09-14T21:37:50.001318+00:00;10;ZS6DN;South Africa;False;0.0008601647087663549;0.0007557016878712912;0.015114033757425824;1.1382331448660936
2026-09-14T21:38:00.002334+00:00;11;5Z4B;Kenya;False;0.0010197019956327874;0.0007541099754167363;0.015082199508334726;1.3521926892284903
2026-09-14T21:38:10.000944+00:00;12;4X6TU;Israel;False;0.0008701147948069418;0.0007532736348433878;0.015065472696867754;1.155111176814049
2026-09-14T21:38:20.005205+00:00;13;OH2B;Finland;False;0.0007603899228773266;0.0007512779587184677;0.015025559174369355;1.012128619045875
2026-09-14T21:38:30.000625+00:00;14;CS3B;Madeira;False;0.0009422049656003017;0.0007484642138568689;0.014969284277137377;1.2588510554767587
2026-09-14T21:38:40.004962+00:00;15;LU4AA;Argentina;False;0.0009116015394079038;0.000751191644115751;0.01502383288231502;1.2135405745639993
2026-09-14T21:38:50.003071+00:00;16;OA4B;Peru;False;0.0009408934508262769;0.0007696188391900554;0.015392376783801107;1.22254472332885
2026-09-14T21:39:00.003043+00:00;17;YV5B;Venezuela;False;0.0028706995784956125;0.0009647066714526787;0.019294133429053575;2.9757227387811507
2026-09-14T21:39:10.006199+00:00;0;4U1UN;United Nations;False;0.0031202983489526243;0.0009501556799753656;0.01900311359950731;3.2839864189766494
2026-09-14T21:39:20.007450+00:00;1;VE8AT;Canada;False;0.0011065045168139058;0.0009295371877231256;0.018590743754462513;1.1903821938789307
2026-09-14T21:39:30.000535+00:00;2;W6WX;United States;False;0.0008958283432545759;0.000904591793904118;0.018091835878082357;0.9903122593985515
2026-09-14T21:39:40.000839+00:00;3;KH6WO;Hawaii;False;0.0009222289234821701;0.0008876808692822434;0.017753617385644866;1.038919453370513
2026-09-14T21:39:50.000653+00:00;4;ZL6B;New Zealand;False;0.000876517146428222;0.0008715506582452285;0.01743101316490457;1.005698450383817
2026-09-14T21:40:00.000519+00:00;5;VK6RBP;Australia;False;0.0008520049902740432;0.0008516166674467019;0.017032333348934038;1.0004559831226714
2026-09-14T21:40:10.002372+00:00;6;JA2IGY;Japan;False;0.0009741877345225371;0.000839981073113429;0.01679962146226858;1.159773435027131
2026-09-14T21:40:20.000491+00:00;7;RR9O;Russia;False;0.0008426792522808644;0.0008260224440072519;0.016520448880145037;1.0201650795259338
2026-09-14T21:40:30.001851+00:00;8;VR2B;Hong Kong;False;0.0008950204906623329;0.0008318862755934385;0.01663772551186877;1.075892843674884
2026-09-14T21:40:40.000461+00:00;9;4S7B;Sri Lanka;False;0.0012763066579966284;0.0008274821539191625;0.01654964307838325;1.5423978051390241
2026-09-14T21:40:50.000245+00:00;10;ZS6DN;South Africa;False;0.0008049751748864446;0.0008218682817059879;0.01643736563411976;0.9794454814773026
2026-09-14T21:41:00.002260+00:00;11;5Z4B;Kenya;False;0.000861563999165635;0.0008127066402463734;0.01625413280492747;1.0601168447503397
2026-09-14T21:41:10.001210+00:00;12;4X6TU;Israel;False;0.0008563109920890911;0.0008015877811975723;0.016031755623951448;1.0682685192752843
2026-09-14T21:41:20.001231+00:00;13;OH2B;Finland;False;0.0008470189846860769;0.0007989453182622493;0.015978906365244985;1.060171410139045
2026-09-14T21:41:30.002515+00:00;14;CS3B;Madeira;False;0.0008225564116298801;0.0007942081970380198;0.015884163940760396;1.0356936817040976
